"","id","username","game"
"1","h3sejwl","admvarn","Animal Crossing"
"2","h3sejwl","admvarn","Fallout"
"3","h3sejwl","admvarn","Pokemon"
"4","h3r035k","AJW_1991","Fire Emblem"
"5","h3r035k","AJW_1991","Pokemon"
"6","h3r035k","AJW_1991","The Legend of Zelda"
"7","h3qy6zp","AlwaysPlusUltra","Fire Emblem"
"8","h3qy6zp","AlwaysPlusUltra","The Legend of Zelda"
"9","h3qy6zp","AlwaysPlusUltra","Xenoblade Chronicles"
"10","h3r4j5h","Amaterasu-x","God of War"
"11","h3r4j5h","Amaterasu-x","Grand Theft Auto"
"12","h3r4j5h","Amaterasu-x","Uncharted"
"13","h3r9tht","Antekpjk","Dark Souls"
"14","h3r9tht","Antekpjk","Devil May Cry"
"15","h3r9tht","Antekpjk","Metal Gear Solid"
"16","h3sa45h","Antonnhh","Crash Bandicoot"
"17","h3sa45h","Antonnhh","Grand Theft Auto"
"18","h3sa45h","Antonnhh","Sly Cooper"
"19","h3r719e","ArcticDrifter","Fallout"
"20","h3r719e","ArcticDrifter","Grand Theft Auto"
"21","h3r719e","ArcticDrifter","Halo"
"22","h3r8k8e","Arromango","Bioshock"
"23","h3r8k8e","Arromango","Fallout"
"24","h3r8k8e","Arromango","Final Fantasy"
"25","h3se03t","Asocialbutterfly21","Dark Souls"
"26","h3se03t","Asocialbutterfly21","Monster Hunter"
"27","h3se03t","Asocialbutterfly21","Xenoblade Chronicles"
"28","h3rekzp","B3ARDLY","Halo"
"29","h3rekzp","B3ARDLY","Metal Gear Solid"
"30","h3rekzp","B3ARDLY","The Legend of Zelda"
"31","h3r4etf","batm123","Bioshock"
"32","h3r4etf","batm123","Doom"
"33","h3r4etf","batm123","Grand Theft Auto"
"34","h3r44rh","BbyInAStraightJacket","Halo"
"35","h3r44rh","BbyInAStraightJacket","Monster Hunter"
"36","h3r44rh","BbyInAStraightJacket","The Legend of Zelda"
"37","h3r8lum","benhabiro","Dark Souls"
"38","h3r8lum","benhabiro","Halo"
"39","h3r8lum","benhabiro","Resident Evil"
"40","h3qzwhs","blazesdemons","Halo"
"41","h3qzwhs","blazesdemons","Ratchet and Clank"
"42","h3qzwhs","blazesdemons","The Legend of Zelda"
"43","h3qx7jo","Blood-Dumpster","Final Fantasy"
"44","h3qx7jo","Blood-Dumpster","Metroid"
"45","h3qx7jo","Blood-Dumpster","The Legend of Zelda"
"46","h3r5nuu","bluntmanandrobin","Dark Souls"
"47","h3r5nuu","bluntmanandrobin","Donkey Kong"
"48","h3r5nuu","bluntmanandrobin","Metal Gear Solid"
"49","h3r88zx","BrandoCalrissian1995","Dark Souls"
"50","h3r88zx","BrandoCalrissian1995","Kingdom of Hearts"
"51","h3r88zx","BrandoCalrissian1995","Shin Megami Tensei: Persona"
"52","h3r9ju2","brisnatmo","Doom"
"53","h3r9ju2","brisnatmo","Metroid"
"54","h3r9ju2","brisnatmo","The Legend of Zelda"
"55","h3ri3og","C-Rich115","Fallout"
"56","h3ri3og","C-Rich115","Pokemon"
"57","h3ri3og","C-Rich115","The Legend of Zelda"
"58","h3r93ii","cacatua_azul","Bioshock"
"59","h3r93ii","cacatua_azul","Doom"
"60","h3r93ii","cacatua_azul","Fallout"
"61","h3r556l","CandidGoose09","Dark Souls"
"62","h3r556l","CandidGoose09","Grand Theft Auto"
"63","h3r556l","CandidGoose09","Mortal Kombat"
"64","h3rbweb","carl2187","Halo"
"65","h3rbweb","carl2187","Super Mario"
"66","h3rbweb","carl2187","The Legend of Zelda"
"67","h3r9fh7","ccmg12","Bioshock"
"68","h3r9fh7","ccmg12","Fallout"
"69","h3r9fh7","ccmg12","Uncharted"
"70","h3qykdv","ceresia","Golden Sun"
"71","h3qykdv","ceresia","Pokemon"
"72","h3qykdv","ceresia","The Legend of Zelda"
"73","h3rewnd","Chaotic_Madman","Bioshock"
"74","h3rewnd","Chaotic_Madman","Fallout"
"75","h3rewnd","Chaotic_Madman","Halo"
"76","h3qxrlx","ChiliDemon","Castlevania"
"77","h3qxrlx","ChiliDemon","Final Fantasy"
"78","h3qxrlx","ChiliDemon","Metroid"
"79","h3r584q","Comprehensive_Buy465","Grand Theft Auto"
"80","h3r584q","Comprehensive_Buy465","Pokemon"
"81","h3r584q","Comprehensive_Buy465","Super Mario"
"82","h3rewn2","connor2600","Doom"
"83","h3rewn2","connor2600","Halo"
"84","h3rewn2","connor2600","Super Mario"
"85","h3r9xqk","CooperGang52","Jak and Daxter"
"86","h3r9xqk","CooperGang52","Sly Cooper"
"87","h3r9xqk","CooperGang52","Uncharted"
"88","h3rg5zn","cujokila","Doom"
"89","h3rg5zn","cujokila","Metal Gear Solid"
"90","h3rg5zn","cujokila","Super Mario"
"91","h3r55qc","Dafirelive","Pokemon"
"92","h3r55qc","Dafirelive","Shin Megami Tensei: Persona"
"93","h3r55qc","Dafirelive","Sonic the Hedgehog"
"94","h3r1syp","Daftpunksluggage","Final Fantasy"
"95","h3r1syp","Daftpunksluggage","Super Mario"
"96","h3r1syp","Daftpunksluggage","The Legend of Zelda"
"97","h3r8qx9","DanielC0202","Doom"
"98","h3r8qx9","DanielC0202","Ratchet and Clank"
"99","h3r8qx9","DanielC0202","Sonic the Hedgehog"
"100","h3r3q9z","DarkCloud_390","Final Fantasy"
"101","h3r3q9z","DarkCloud_390","Fire Emblem"
"102","h3r3q9z","DarkCloud_390","Pokemon"
"103","h3r8x2d","deanertheman","Final Fantasy"
"104","h3r8x2d","deanertheman","Pokemon"
"105","h3r8x2d","deanertheman","The Legend of Zelda"
"106","h3rkxrw","deathbone66","Bioshock"
"107","h3rkxrw","deathbone66","Dark Souls"
"108","h3rkxrw","deathbone66","Halo"
"109","h3r8fxp","DelphiDude","Bioshock"
"110","h3r8fxp","DelphiDude","Fallout"
"111","h3r8fxp","DelphiDude","Halo"
"112","h3qwldv","Dikard_von_Doom","Dark Souls"
"113","h3qwldv","Dikard_von_Doom","Final Fantasy"
"114","h3qwldv","Dikard_von_Doom","Monster Hunter"
"115","h3rbo37","Doomguy90001","Donkey Kong"
"116","h3rbo37","Doomguy90001","Doom"
"117","h3rbo37","Doomguy90001","The Legend of Zelda"
"118","h3ri2nf","Dukememes6047","Doom"
"119","h3ri2nf","Dukememes6047","Fallout"
"120","h3ri2nf","Dukememes6047","Pokemon"
"121","h3r5oby","Elmosdrunkdad","Doom"
"122","h3r5oby","Elmosdrunkdad","Fallout"
"123","h3r5oby","Elmosdrunkdad","Grand Theft Auto"
"124","h3r6k1b","Enrighteous","Final Fantasy"
"125","h3r6k1b","Enrighteous","Halo"
"126","h3r6k1b","Enrighteous","Pokemon"
"127","h3rabn9","ezslapdown","Grand Theft Auto"
"128","h3rabn9","ezslapdown","Monster Hunter"
"129","h3rabn9","ezslapdown","Pokemon"
"130","h3r7lj4","Fat_Satan","Grand Theft Auto"
"131","h3r7lj4","Fat_Satan","Metroid"
"132","h3r7lj4","Fat_Satan","The Legend of Zelda"
"133","h3qwkcb","FeaRauko","Halo"
"134","h3qwkcb","FeaRauko","Pokemon"
"135","h3qwkcb","FeaRauko","Super Mario"
"136","h3qwjzw","FennPoutine","Animal Crossing"
"137","h3qwjzw","FennPoutine","Dark Souls"
"138","h3qwjzw","FennPoutine","Final Fantasy"
"139","h3r640f","fenrism","Doom"
"140","h3r640f","fenrism","Grand Theft Auto"
"141","h3r640f","fenrism","Halo"
"142","h3rhab3","Fireybanana42","Halo"
"143","h3rhab3","Fireybanana42","Metal Gear Solid"
"144","h3rhab3","Fireybanana42","Sly Cooper"
"145","h3r9g6f","FrigidofDoom","Dark Souls"
"146","h3r9g6f","FrigidofDoom","Halo"
"147","h3r9g6f","FrigidofDoom","The Legend of Zelda"
"148","h3rbbed","gardenvarietyhater","Bioshock"
"149","h3rbbed","gardenvarietyhater","Doom"
"150","h3rbbed","gardenvarietyhater","Fallout"
"151","h3r1bs5","gdude131313","Kingdom of Hearts"
"152","h3r1bs5","gdude131313","Sly Cooper"
"153","h3r1bs5","gdude131313","Spyro"
"154","h3qxthn","Hairybiscut1","Doom"
"155","h3qxthn","Hairybiscut1","Fallout"
"156","h3qxthn","Hairybiscut1","Street Fighter"
"157","h3ri825","HeathaRainbows","Animal Crossing"
"158","h3ri825","HeathaRainbows","Fire Emblem"
"159","h3ri825","HeathaRainbows","Pokemon"
"160","h3qwjso","Heavlieddor_0","Final Fantasy"
"161","h3qwjso","Heavlieddor_0","Metal Gear Solid"
"162","h3qwjso","Heavlieddor_0","Shin Megami Tensei: Persona"
"163","h3r0m0g","Hetotope","Fallout"
"164","h3r0m0g","Hetotope","Halo"
"165","h3r0m0g","Hetotope","The Legend of Zelda"
"166","h3r5cx0","IcedHybrid","Doom"
"167","h3r5cx0","IcedHybrid","Grand Theft Auto"
"168","h3r5cx0","IcedHybrid","Ratchet and Clank"
"169","h3r4lkw","imtheguythatsme","Bioshock"
"170","h3r4lkw","imtheguythatsme","Final Fantasy"
"171","h3r4lkw","imtheguythatsme","Grand Theft Auto"
"172","h3r65mj","iron_ferret22","Fallout"
"173","h3r65mj","iron_ferret22","Halo"
"174","h3r65mj","iron_ferret22","Monster Hunter"
"175","h3r7tix","j_dizzly","Animal Crossing"
"176","h3r7tix","j_dizzly","Pokemon"
"177","h3r7tix","j_dizzly","The Legend of Zelda"
"178","h3r7cem","jchill001","Dark Souls"
"179","h3r7cem","jchill001","Halo"
"180","h3r7cem","jchill001","Kingdom of Hearts"
"181","h3rgory","Jestris","Fallout"
"182","h3rgory","Jestris","Halo"
"183","h3rgory","Jestris","The Legend of Zelda"
"184","h3r4nu3","Jimi-boss","Bioshock"
"185","h3r4nu3","Jimi-boss","Ratchet and Clank"
"186","h3r4nu3","Jimi-boss","Sly Cooper"
"187","h3r94sp","JJaksin","Dark Souls"
"188","h3r94sp","JJaksin","Monster Hunter"
"189","h3r94sp","JJaksin","Pokemon"
"190","h3rcvqs","Jonesbones85","Fallout"
"191","h3rcvqs","Jonesbones85","Halo"
"192","h3rcvqs","Jonesbones85","Monster Hunter"
"193","h3rh1z5","Joust149","Fallout"
"194","h3rh1z5","Joust149","Halo"
"195","h3rh1z5","Joust149","The Legend of Zelda"
"196","h3r9fej","KashPoe","Dark Souls"
"197","h3r9fej","KashPoe","Final Fantasy"
"198","h3r9fej","KashPoe","The Legend of Zelda"
"199","h3qx5et","keetojm","Final Fantasy"
"200","h3qx5et","keetojm","Silent Hill"
"201","h3qx5et","keetojm","Street Fighter"
"202","h3r4sql","kevhill","Final Fantasy"
"203","h3r4sql","kevhill","Halo"
"204","h3r4sql","kevhill","Pokemon"
"205","h3r2d6m","KillerTofu615","Bioshock"
"206","h3r2d6m","KillerTofu615","Final Fantasy"
"207","h3r2d6m","KillerTofu615","The Legend of Zelda"
"208","h3r82tq","KingCroc7","Doom"
"209","h3r82tq","KingCroc7","Mortal Kombat"
"210","h3r82tq","KingCroc7","Super Mario"
"211","h3qydf8","KyamBoi","God of War"
"212","h3qydf8","KyamBoi","Halo"
"213","h3qydf8","KyamBoi","Sonic the Hedgehog"
"214","h3r80vu","l_TMCupid_l","Fire Emblem"
"215","h3r80vu","l_TMCupid_l","Monster Hunter"
"216","h3r80vu","l_TMCupid_l","The Legend of Zelda"
"217","h3r4t3r","Lilith_Dragon","Kingdom of Hearts"
"218","h3r4t3r","Lilith_Dragon","Pokemon"
"219","h3r4t3r","Lilith_Dragon","Spyro"
"220","h3rch2k","LrdOfTheBlings","Grand Theft Auto"
"221","h3rch2k","LrdOfTheBlings","Metal Gear Solid"
"222","h3rch2k","LrdOfTheBlings","The Legend of Zelda"
"223","h3rncbc","Lucadris01","Devil May Cry"
"224","h3rncbc","Lucadris01","Grand Theft Auto"
"225","h3rncbc","Lucadris01","Shin Megami Tensei: Persona"
"226","h3r2v1r","luchiean","Jak and Daxter"
"227","h3r2v1r","luchiean","Pokemon"
"228","h3r2v1r","luchiean","Spyro"
"229","h3ri9yh","MachidaMorado","Dark Souls"
"230","h3ri9yh","MachidaMorado","Fire Emblem"
"231","h3ri9yh","MachidaMorado","Metroid"
"232","h3r3goz","MagisterXII","Kingdom of Hearts"
"233","h3r3goz","MagisterXII","Monster Hunter"
"234","h3r3goz","MagisterXII","Shin Megami Tensei: Persona"
"235","h3r0vam","masterreyak","Fire Emblem"
"236","h3r0vam","masterreyak","Golden Sun"
"237","h3r0vam","masterreyak","The Legend of Zelda"
"238","h3r81cp","MemenutGallery","Doom"
"239","h3r81cp","MemenutGallery","Fallout"
"240","h3r81cp","MemenutGallery","Grand Theft Auto"
"241","h3qwkbi","mfe_flea","Fallout"
"242","h3qwkbi","mfe_flea","Halo"
"243","h3qwkbi","mfe_flea","Pokemon"
"244","h3rghwi","MiniArmyGirl","Doom"
"245","h3rghwi","MiniArmyGirl","Fallout"
"246","h3rghwi","MiniArmyGirl","Resident Evil"
"247","h3roeo0","monkeyfarts123","Crash Bandicoot"
"248","h3roeo0","monkeyfarts123","Sly Cooper"
"249","h3roeo0","monkeyfarts123","Spyro"
"250","h3r42ja","MPWR_","Golden Sun"
"251","h3r42ja","MPWR_","Pokemon"
"252","h3r42ja","MPWR_","The Legend of Zelda"
"253","h3r44cd","Mr_Bubblemer","Fallout"
"254","h3r44cd","Mr_Bubblemer","Grand Theft Auto"
"255","h3r44cd","Mr_Bubblemer","Halo"
"256","h3r318c","MrFluffyhead80","Grand Theft Auto"
"257","h3r318c","MrFluffyhead80","Halo"
"258","h3r318c","MrFluffyhead80","Super Mario"
"259","h3qy31b","MrRamdawg","God of War"
"260","h3qy31b","MrRamdawg","Ratchet and Clank"
"261","h3qy31b","MrRamdawg","Uncharted"
"262","h3qwcr7","N0RSEVIKING","Fallout"
"263","h3qwcr7","N0RSEVIKING","Final Fantasy"
"264","h3qwcr7","N0RSEVIKING","Resident Evil"
"265","h3r4e6n","nageekb","Dark Souls"
"266","h3r4e6n","nageekb","Pokemon"
"267","h3r4e6n","nageekb","The Legend of Zelda"
"268","h3raw3s","Nappy1129","Final Fantasy"
"269","h3raw3s","Nappy1129","Kingdom of Hearts"
"270","h3raw3s","Nappy1129","The Legend of Zelda"
"271","h3qz4n5","Nemophilist-777","Fallout"
"272","h3qz4n5","Nemophilist-777","Halo"
"273","h3qz4n5","Nemophilist-777","Resident Evil"
"274","h3r87g4","newthammer","Monster Hunter"
"275","h3r87g4","newthammer","Super Mario"
"276","h3r87g4","newthammer","The Legend of Zelda"
"277","h3r8znd","NimrodIAm","Crash Bandicoot"
"278","h3r8znd","NimrodIAm","Dark Souls"
"279","h3r8znd","NimrodIAm","Fallout"
"280","h3r7lps","nitsky416","Bioshock"
"281","h3r7lps","nitsky416","Fallout"
"282","h3r7lps","nitsky416","The Legend of Zelda"
"283","h3r8uny","njacklin","Halo"
"284","h3r8uny","njacklin","Pokemon"
"285","h3r8uny","njacklin","Super Mario"
"286","h3r7v3h","NopeChris","Final Fantasy"
"287","h3r7v3h","NopeChris","Kingdom of Hearts"
"288","h3r7v3h","NopeChris","Ratchet and Clank"
"289","h3r9zbn","NucksNut","Final Fantasy"
"290","h3r9zbn","NucksNut","Grand Theft Auto"
"291","h3r9zbn","NucksNut","The Legend of Zelda"
"292","h3r6cda","OkCommercial9032","Resident Evil"
"293","h3r6cda","OkCommercial9032","Shin Megami Tensei: Persona"
"294","h3r6cda","OkCommercial9032","The Legend of Zelda"
"295","h3r9g53","Omians","Bioshock"
"296","h3r9g53","Omians","Grand Theft Auto"
"297","h3r9g53","Omians","Sly Cooper"
"298","h3qz7kj","PanchiRed","Crash Bandicoot"
"299","h3qz7kj","PanchiRed","Dark Souls"
"300","h3qz7kj","PanchiRed","Uncharted"
"301","h3r4c3b","Parzsival21","Doom"
"302","h3r4c3b","Parzsival21","Pokemon"
"303","h3r4c3b","Parzsival21","The Legend of Zelda"
"304","h3r886y","patvlol","Final Fantasy"
"305","h3r886y","patvlol","Pokemon"
"306","h3r886y","patvlol","The Legend of Zelda"
"307","h3qwgtl","phatchickxslayer","Grand Theft Auto"
"308","h3qwgtl","phatchickxslayer","Halo"
"309","h3qwgtl","phatchickxslayer","Pokemon"
"310","h3qzpv1","PlastikKiwi","Dark Souls"
"311","h3qzpv1","PlastikKiwi","Final Fantasy"
"312","h3qzpv1","PlastikKiwi","God of War"
"313","h3rby5s","PolyproNinja","Halo"
"314","h3rby5s","PolyproNinja","Pokemon"
"315","h3rby5s","PolyproNinja","The Legend of Zelda"
"316","h3r6v0s","PoshMafia","Final Fantasy"
"317","h3r6v0s","PoshMafia","Fire Emblem"
"318","h3r6v0s","PoshMafia","Pokemon"
"319","h3r2ybn","PressSquareToPunch","Dark Souls"
"320","h3r2ybn","PressSquareToPunch","Fallout"
"321","h3r2ybn","PressSquareToPunch","The Legend of Zelda"
"322","h3r9eu8","Pristine-Judgment153","Pokemon"
"323","h3r9eu8","Pristine-Judgment153","Super Mario"
"324","h3r9eu8","Pristine-Judgment153","The Legend of Zelda"
"325","h3r4koa","ProudPolishPolak","Grand Theft Auto"
"326","h3r4koa","ProudPolishPolak","Sonic the Hedgehog"
"327","h3r4koa","ProudPolishPolak","Super Mario"
"328","h3r6gs2","Psychological-Art423","Fire Emblem"
"329","h3r6gs2","Psychological-Art423","Kingdom of Hearts"
"330","h3r6gs2","Psychological-Art423","Pokemon"
"331","h3r7ncw","pzzaco","Bioshock"
"332","h3r7ncw","pzzaco","Final Fantasy"
"333","h3r7ncw","pzzaco","Shin Megami Tensei: Persona"
"334","h3rep5f","Random_Reeeing","Final Fantasy"
"335","h3rep5f","Random_Reeeing","Monster Hunter"
"336","h3rep5f","Random_Reeeing","Shin Megami Tensei: Persona"
"337","h3rb9xl","RaspberryPie122","Grand Theft Auto"
"338","h3rb9xl","RaspberryPie122","Halo"
"339","h3rb9xl","RaspberryPie122","The Legend of Zelda"
"340","h3r4xo5","rc042","Final Fantasy"
"341","h3r4xo5","rc042","Metroid"
"342","h3r4xo5","rc042","Shin Megami Tensei: Persona"
"343","h3r921v","RedBeardedMex","Devil May Cry"
"344","h3r921v","RedBeardedMex","Mortal Kombat"
"345","h3r921v","RedBeardedMex","The Legend of Zelda"
"346","h3r8lag","RishGarr97","Metal Gear Solid"
"347","h3r8lag","RishGarr97","Resident Evil"
"348","h3r8lag","RishGarr97","The Legend of Zelda"
"349","h3rgzrx","rowdawg69","Kingdom of Hearts"
"350","h3rgzrx","rowdawg69","Pokemon"
"351","h3rgzrx","rowdawg69","The Legend of Zelda"
"352","h3r3to4","Rupert_Bimpy","Bioshock"
"353","h3r3to4","Rupert_Bimpy","Golden Sun"
"354","h3r3to4","Rupert_Bimpy","The Legend of Zelda"
"355","h3qy3p0","RurouniGatts","Castlevania"
"356","h3qy3p0","RurouniGatts","Metroid"
"357","h3qy3p0","RurouniGatts","The Legend of Zelda"
"358","h3qy3ja","SacredHolyBlueYoshi","Sonic the Hedgehog"
"359","h3qy3ja","SacredHolyBlueYoshi","Super Mario"
"360","h3qy3ja","SacredHolyBlueYoshi","The Legend of Zelda"
"361","h3r8uke","SatrdayNiteDlite","Dark Souls"
"362","h3r8uke","SatrdayNiteDlite","Pokemon"
"363","h3r8uke","SatrdayNiteDlite","Sly Cooper"
"364","h3r8z7h","scarletsaber7","Final Fantasy"
"365","h3r8z7h","scarletsaber7","Super Mario"
"366","h3r8z7h","scarletsaber7","The Legend of Zelda"
"367","h3r30i9","ScionDust","Animal Crossing"
"368","h3r30i9","ScionDust","Dark Souls"
"369","h3r30i9","ScionDust","Fallout"
"370","h3rmwe0","Sea_Of_Kitties","God of War"
"371","h3rmwe0","Sea_Of_Kitties","Jak and Daxter"
"372","h3rmwe0","Sea_Of_Kitties","Kingdom of Hearts"
"373","h3qy0ln","ShibbiesClimax","Halo"
"374","h3qy0ln","ShibbiesClimax","Metroid"
"375","h3qy0ln","ShibbiesClimax","The Legend of Zelda"
"376","h3ro1gg","SingSing19","Metroid"
"377","h3ro1gg","SingSing19","Super Mario"
"378","h3ro1gg","SingSing19","The Legend of Zelda"
"379","h3qxrxx","sir-catnips","Fallout"
"380","h3qxrxx","sir-catnips","Grand Theft Auto"
"381","h3qxrxx","sir-catnips","The Legend of Zelda"
"382","h3rfogo","SissyPrincessNicole","Pokemon"
"383","h3rfogo","SissyPrincessNicole","Super Mario"
"384","h3rfogo","SissyPrincessNicole","The Legend of Zelda"
"385","h3r5exv","sj4iy","Final Fantasy"
"386","h3r5exv","sj4iy","The Legend of Zelda"
"387","h3r5exv","sj4iy","Xenoblade Chronicles"
"388","h3r8zc9","SleeplezNights","Doom"
"389","h3r8zc9","SleeplezNights","Pokemon"
"390","h3r8zc9","SleeplezNights","The Legend of Zelda"
"391","h3qxklo","SlickFire5555","Fallout"
"392","h3qxklo","SlickFire5555","Fire Emblem"
"393","h3qxklo","SlickFire5555","Halo"
"394","h3s5que","Smeefperson","Dark Souls"
"395","h3s5que","Smeefperson","The Legend of Zelda"
"396","h3s5que","Smeefperson","Uncharted"
"397","h3rf942","smellyscrotes27","Golden Sun"
"398","h3rf942","smellyscrotes27","Kingdom of Hearts"
"399","h3rf942","smellyscrotes27","Pokemon"
"400","h3r7hym","SplodingArt","Doom"
"401","h3r7hym","SplodingArt","Pokemon"
"402","h3r7hym","SplodingArt","Super Mario"
"403","h3r63tb","StaticGrav","Doom"
"404","h3r63tb","StaticGrav","Monster Hunter"
"405","h3r63tb","StaticGrav","Sly Cooper"
"406","h3r8986","Steve0315","God of War"
"407","h3r8986","Steve0315","Metroid"
"408","h3r8986","Steve0315","The Legend of Zelda"
"409","h3qx98b","Str8iJustice","Golden Sun"
"410","h3qx98b","Str8iJustice","Halo"
"411","h3qx98b","Str8iJustice","Pokemon"
"412","h3r450f","SuccessfulBug794","Dark Souls"
"413","h3r450f","SuccessfulBug794","Grand Theft Auto"
"414","h3r450f","SuccessfulBug794","Halo"
"415","h3rh46n","Super_Sayen067","Final Fantasy"
"416","h3rh46n","Super_Sayen067","Super Mario"
"417","h3rh46n","Super_Sayen067","The Legend of Zelda"
"418","h3qydoj","T00Bytoon","Fallout"
"419","h3qydoj","T00Bytoon","Jak and Daxter"
"420","h3qydoj","T00Bytoon","Pokemon"
"421","h3r08cy","telescapio420","God of War"
"422","h3r08cy","telescapio420","Ratchet and Clank"
"423","h3r08cy","telescapio420","Uncharted"
"424","h3rghfg","TheDarkKnightZS","Castlevania"
"425","h3rghfg","TheDarkKnightZS","Golden Sun"
"426","h3rghfg","TheDarkKnightZS","Grand Theft Auto"
"427","h3qxd3t","thedubs003","Fallout"
"428","h3qxd3t","thedubs003","Super Mario"
"429","h3qxd3t","thedubs003","Uncharted"
"430","h3qwl6p","therealpingspike","Dark Souls"
"431","h3qwl6p","therealpingspike","Final Fantasy"
"432","h3qwl6p","therealpingspike","Metroid"
"433","h3qwp1v","theresonly151","Grand Theft Auto"
"434","h3qwp1v","theresonly151","Ratchet and Clank"
"435","h3qwp1v","theresonly151","The Legend of Zelda"
"436","h3rh12h","Thy_Lawpoppy","Devil May Cry"
"437","h3rh12h","Thy_Lawpoppy","Final Fantasy"
"438","h3rh12h","Thy_Lawpoppy","Kingdom of Hearts"
"439","h3qwrx1","Timelost321","Doom"
"440","h3qwrx1","Timelost321","God of War"
"441","h3qwrx1","Timelost321","The Legend of Zelda"
"442","h3rftq2","TonyBeers","Halo"
"443","h3rftq2","TonyBeers","Super Mario"
"444","h3rftq2","TonyBeers","The Legend of Zelda"
"445","h3qwfha","TrundleTheGreat142","Dark Souls"
"446","h3qwfha","TrundleTheGreat142","Final Fantasy"
"447","h3qwfha","TrundleTheGreat142","Resident Evil"
"448","h3ribr1","tuffymon","Dark Souls"
"449","h3ribr1","tuffymon","Fire Emblem"
"450","h3ribr1","tuffymon","Xenoblade Chronicles"
"451","h3qwi4p","underprivlidged","Castlevania"
"452","h3qwi4p","underprivlidged","Fallout"
"453","h3qwi4p","underprivlidged","Metal Gear Solid"
"454","h3ra7ws","unispex","Monster Hunter"
"455","h3ra7ws","unispex","Pokemon"
"456","h3ra7ws","unispex","Spyro"
"457","h3qxj5w","upinyocribdawg69","Pokemon"
"458","h3qxj5w","upinyocribdawg69","Ratchet and Clank"
"459","h3qxj5w","upinyocribdawg69","Sonic the Hedgehog"
"460","h3rn330","Vantablack-Raven","Dark Souls"
"461","h3rn330","Vantablack-Raven","Devil May Cry"
"462","h3rn330","Vantablack-Raven","Doom"
"463","h3rj0nq","VeeCho_","Fallout"
"464","h3rj0nq","VeeCho_","Monster Hunter"
"465","h3rj0nq","VeeCho_","Shin Megami Tensei: Persona"
"466","h3rgyy5","WA_craft_beer","Grand Theft Auto"
"467","h3rgyy5","WA_craft_beer","Pokemon"
"468","h3rgyy5","WA_craft_beer","The Legend of Zelda"
"469","h3r8nw7","WooPigSchmooey","Doom"
"470","h3r8nw7","WooPigSchmooey","Grand Theft Auto"
"471","h3r8nw7","WooPigSchmooey","The Legend of Zelda"
"472","h3rgah4","WuOfficial","Final Fantasy"
"473","h3rgah4","WuOfficial","Halo"
"474","h3rgah4","WuOfficial","The Legend of Zelda"
"475","h3qxbxl","YaMomsCooch","Bioshock"
"476","h3qxbxl","YaMomsCooch","Fallout"
"477","h3qxbxl","YaMomsCooch","Grand Theft Auto"
"478","h3ru4y8","YeeSkee48","Dark Souls"
"479","h3ru4y8","YeeSkee48","Fallout"
"480","h3ru4y8","YeeSkee48","Halo"
"481","h3r3sj0","yeetdelet3","Doom"
"482","h3r3sj0","yeetdelet3","Halo"
"483","h3r3sj0","yeetdelet3","Mortal Kombat"
"484","h3r5zo0","Zack_Osbourne","Devil May Cry"
"485","h3r5zo0","Zack_Osbourne","Kingdom of Hearts"
"486","h3r5zo0","Zack_Osbourne","Monster Hunter"
"487","h3scpwq","Zarri","Dark Souls"
"488","h3scpwq","Zarri","Fallout"
"489","h3scpwq","Zarri","Monster Hunter"
"490","h3rgzfn","Zer0769","Doom"
"491","h3rgzfn","Zer0769","Fallout"
"492","h3rgzfn","Zer0769","Halo"
